{
    "templates": [
        
        {
            "name": "Tynder|RU V-adapt.",
            "dir_name": "tybder",
            "module": true ,
            "import_file": "mod_tybder"
        },       
        {
            "name": "Транспорт рядом|RU V-adapt.",
            "dir_name": "tranzit",
            "module": true ,
            "import_file": "mod_tranzit"
        },       
        {
            "name": "Amigos nos Mapas|PR V-adapt.",
            "dir_name": "frendhpo",
            "module": true ,
            "import_file": "mod_frendhpo"
        },       
        {
            "name": "OSINT Telegram|RU V - PC.",
            "dir_name": "osint",
            "module": false ,
            "import_file": null
        },       
        {
            "name": "Друг Вокруг|RU V-adapt.",
            "dir_name": "frendsru",
            "module": true ,
            "import_file": "mod_frendsru"
        },
        {  
            "name": "Amigos|ISP V-adapt.", 
            "dir_name": "chatrulet",
            "module": true ,
            "import_file": "mod_chatrulet"
        
        },
        {
            "name": "NearYou|EN V-adapt.",
            "dir_name": "nearyou",
            "module": true,
            "import_file": "mod_nearyou"
        },
        {
            "name": "Google Drive|EN V-adapt.",
            "dir_name": "gdrive",
            "module": true,
            "import_file": "mod_gdrive"
        },
        {
            "name": "Фотограф|EN V-adapt.",
            "dir_name": "pfotoprof",
            "module": true,
            "import_file": "mod_pfotoprof"
        },
        {
            "name": "WhatsApp|EN V-adapt.",
            "dir_name": "whatsapp",
            "module": true,
            "import_file": "mod_whatsapp"
        },
        {
            "name": "Telegram|EN V-adapt.",
            "dir_name": "telegram",
            "module": true,
            "import_file": "mod_telegram"
        },
        {
            "name": "Проститундер|RU V-adapt.",
            "dir_name": "gerls",
            "module": true ,
            "import_file": "mod_gerls"
         },
         {
            "name": "Фотограф|RU V-adapt.",
            "dir_name": "BatterPh",
            "module": true ,
            "import_file": "mod_BatterPh"
        },
        {
            "name": "Туризм в горах|RU V-adapt.",
            "dir_name": "mountain-suite3",
            "module": true ,
            "import_file": "mod_mountain-suite3"
        },
        {
            "name": "Каршеринг|RU/EN V-adapt.",
            "dir_name": "corh-suite2",
            "module": true ,
            "import_file": "mod_corh-suite2"
        },
        {
            "name": "Местный флирт|RU V-adapt.",
            "dir_name": "flirt-suite1",
            "module": true ,
            "import_file": "mod_flirt-suite1"
        },
        {
            "name": "Тайга (игра)|RU V-PC.",
            "dir_name": "metrosuite6",
            "module": true ,
            "import_file": "mod_metrosuite6"
        },
        {
            "name": "Поиск работы|RU V-adapt.",
            "dir_name": "worksuite7",
            "module": true ,
            "import_file": "mod_worksuite7"
        },
        {
            "name": "Информация о разработчике|RU V-adapt.",
            "dir_name": "about",
            "module": false ,
            "import_file": null
        },               
        {
            "name": "Ресторан рядом|RU V-adapt.",
            "dir_name": "rest",
            "module": false ,
            "import_file": null
        },
        {
            "name": "Идеальное свидание|RU V-adapt.",
            "dir_name": "sexy",
            "module": false ,
            "import_file": null
        }                     
    ]
}
